9582;12,78;;MSSC;;;;;;CHF
5113;31,20;;MSSC;;;;;;CHF
7890;167,66;;MSSC;;;;;;CHF
Q576;175,82;;MSSC;;;;;;CHF
O308;49,89;;MSSC;;;;;;CHF
Q453;382,30;;MSSC;;;;;;CHF
1486;4,57;;MSSC;;;;;;CHF
H511;131,69;;MSSC;;;;;;CHF
P170;398,67;;MSSC;;;;;;CHF
P423;108,14;;MSSC;;;;;;CHF
Q363;14,40;;MSSC;;;;;;CHF
Q364;88,98;;MSSC;;;;;;CHF
Q362;178,39;;MSSC;;;;;;CHF
Q357;14,43;;MSSC;;;;;;CHF
Q602;454,84;;MSSC;;;;;;CHF
Q598;208,92;;MSSC;;;;;;CHF
1459;13,79;;MSSC;;;;;;CHF
J851;36,96;;MSSC;;;;;;CHF
I436;115,74;;MSSC;;;;;;CHF
A322;187,51;;MSSC;;;;;;CHF
Q484;26,98;;MSSC;;;;;;CHF
Q485;1768,01;;MSSC;;;;;;CHF
Q153;299,96;;MSSC;;;;;;CHF
Q445;135,00;;MSSC;;;;;;CHF
Q438;14,63;;MSSC;;;;;;CHF
Q426;95,69;;MSSC;;;;;;CHF
Q367;406,50;;MSSC;;;;;;CHF
Q354;10,00;;MSSC;;;;;;CHF
P986;555,86;;MSSC;;;;;;CHF
L021;92,62;;MSSC;;;;;;CHF
Q599;429,46;;MSSC;;;;;;CHF
Q575;16,93;;MSSC;;;;;;CHF
Q419;112,00;;MSSC;;;;;;CHF
F907;42,41;;MSSC;;;;;;CHF
Q435;14,95;;MSSC;;;;;;CHF
P173;248,16;;MSSC;;;;;;CHF
I518;79,30;;MSSC;;;;;;CHF
F108;101,13;;MSSC;;;;;;CHF
A108;28,45;;MSSC;;;;;;CHF
Q707;8,00;;MSSC;;;;;;CHF
8583;16,80;;MSSC;;;;;;CHF
P455;102,30;;MSSC;;;;;;CHF
Q360;398,49;;MSSC;;;;;;CHF
Q440;23,51;;MSSC;;;;;;CHF
Q439;7,87;;MSSC;;;;;;CHF
G075;108,84;;MSSC;;;;;;CHF
Q452;15,06;;MSSC;;;;;;CHF
4775;33,11;;MSSC;;;;;;CHF
G662;27,57;;MSSC;;;;;;CHF
S834;462,05;;MSSC;;;;;;CHF
Q645;40,29;;MSSC;;;;;;CHF
P171;30,54;;MSSC;;;;;;CHF
Q365;37,45;;MSSC;;;;;;CHF
Q474;264,40;;MSSC;;;;;;CHF
P422;358,85;;MSSC;;;;;;CHF
Q472;16,20;;MSSC;;;;;;CHF
Q473;45,00;;MSSC;;;;;;CHF
Q475;180,20;;MSSC;;;;;;CHF
Q476;2,60;;MSSC;;;;;;CHF
Q478;8,19;;MSSC;;;;;;CHF
Q479;74,60;;MSSC;;;;;;CHF
Q480;90,48;;MSSC;;;;;;CHF
Q481;50,15;;MSSC;;;;;;CHF
Q482;81,92;;MSSC;;;;;;CHF
Q483;50,30;;MSSC;;;;;;CHF
H507;21,56;;MSSC;;;;;;CHF
Q656;73,21;;MSSC;;;;;;CHF
Q450;7,93;;MSSC;;;;;;CHF
A485;2,81;;MSSC;;;;;;CHF
Q629;251,96;;MSSC;;;;;;CHF
Q155;5,79;;MSSC;;;;;;CHF
Q477;3,65;;MSSC;;;;;;CHF
P174;177,10;;MSSC;;;;;;CHF
J861;97,22;;MSSC;;;;;;CHF
T356;343,99;;MSSC;;;;;;CHF
R263;261,99;;MSSC;;;;;;CHF
P807;29,10;;MSSC;;;;;;CHF
F341;52,15;;MSSC;;;;;;CHF
F493;22,87;;MSSC;;;;;;CHF
8283;166,40;;MSSC;;;;;;CHF
E964;493,95;;MSSC;;;;;;CHF
R647;51,50;;MSSC;;;;;;CHF
R934;104,06;;MSSC;;;;;;CHF
R763;34,37;;MSSC;;;;;;CHF
L764;864,14;;MSSC;;;;;;CHF
D182;80,89;;MSSC;;;;;;CHF
J860;167,41;;MSSC;;;;;;CHF
N703;55,09;;MSSC;;;;;;CHF
R918;36,48;;MSSC;;;;;;CHF
G209;225,57;;MSSC;;;;;;CHF
P937;149,56;;MSSC;;;;;;CHF
P678;427,88;;MSSC;;;;;;CHF
P677;90,00;;MSSC;;;;;;CHF
P660;170,00;;MSSC;;;;;;CHF
P517;70,00;;MSSC;;;;;;CHF
P516;107,09;;MSSC;;;;;;CHF
P494;170,00;;MSSC;;;;;;CHF
P491;200,00;;MSSC;;;;;;CHF
P459;210,00;;MSSC;;;;;;CHF
P267;1040,00;;MSSC;;;;;;CHF
P188;1720,00;;MSSC;;;;;;CHF
P187;380,00;;MSSC;;;;;;CHF
P186;440,00;;MSSC;;;;;;CHF
P181;50,00;;MSSC;;;;;;CHF
P180;20,00;;MSSC;;;;;;CHF
P093;240,09;;MSSC;;;;;;CHF
P092;165,27;;MSSC;;;;;;CHF
O866;3,00;;MSSC;;;;;;CHF
O863;90,00;;MSSC;;;;;;CHF
O862;90,00;;MSSC;;;;;;CHF
O861;60,00;;MSSC;;;;;;CHF
O860;40,00;;MSSC;;;;;;CHF
O835;30,00;;MSSC;;;;;;CHF
O834;600,00;;MSSC;;;;;;CHF
O313;28,89;;MSSC;;;;;;CHF
O244;690,00;;MSSC;;;;;;CHF
O238;100,00;;MSSC;;;;;;CHF
O174;100,00;;MSSC;;;;;;CHF
O171;60,00;;MSSC;;;;;;CHF
N902;131,97;;MSSC;;;;;;CHF
N901;23,29;;MSSC;;;;;;CHF
N804;82,38;;MSSC;;;;;;CHF
N803;13,73;;MSSC;;;;;;CHF
N706;71,78;;MSSC;;;;;;CHF
N704;98,78;;MSSC;;;;;;CHF
N702;230,00;;MSSC;;;;;;CHF
N617;90,00;;MSSC;;;;;;CHF
N588;797,40;;MSSC;;;;;;CHF
M893;90,00;;MSSC;;;;;;CHF
M853;360,00;;MSSC;;;;;;CHF
M580;50,00;;MSSC;;;;;;CHF
M579;50,00;;MSSC;;;;;;CHF
M493;245,88;;MSSC;;;;;;CHF
M477;167,68;;MSSC;;;;;;CHF
M475;77,31;;MSSC;;;;;;CHF
M474;28,54;;MSSC;;;;;;CHF
M452;99,51;;MSSC;;;;;;CHF
M249;49,98;;MSSC;;;;;;CHF
L843;61,01;;MSSC;;;;;;CHF
L842;277,95;;MSSC;;;;;;CHF
L837;120,00;;MSSC;;;;;;CHF
L766;78,96;;MSSC;;;;;;CHF
L765;16,53;;MSSC;;;;;;CHF
L760;43,67;;MSSC;;;;;;CHF
L752;50,00;;MSSC;;;;;;CHF
L669;297,78;;MSSC;;;;;;CHF
L657;10,16;;MSSC;;;;;;CHF
L637;60,00;;MSSC;;;;;;CHF
L542;364,53;;MSSC;;;;;;CHF
L100;240,00;;MSSC;;;;;;CHF
L025;106,65;;MSSC;;;;;;CHF
K997;114,37;;MSSC;;;;;;CHF
K935;138,22;;MSSC;;;;;;CHF
K900;417,25;;MSSC;;;;;;CHF
K836;1608,74;;MSSC;;;;;;CHF
K742;1205,28;;MSSC;;;;;;CHF
K612;230,00;;MSSC;;;;;;CHF
K499;18,40;;MSSC;;;;;;CHF
K456;470,00;;MSSC;;;;;;CHF
K051;150,00;;MSSC;;;;;;CHF
J813;1450,03;;MSSC;;;;;;CHF
J541;50,00;;MSSC;;;;;;CHF
J503;84,00;;MSSC;;;;;;CHF
J418;346,43;;MSSC;;;;;;CHF
J083;53,65;;MSSC;;;;;;CHF
I869;279,60;;MSSC;;;;;;CHF
I782;20,71;;MSSC;;;;;;CHF
I734;8,09;;MSSC;;;;;;CHF
I456;299,50;;MSSC;;;;;;CHF
I395;93,54;;MSSC;;;;;;CHF
I317;176,59;;MSSC;;;;;;CHF
I242;300,00;;MSSC;;;;;;CHF
I104;434,96;;MSSC;;;;;;CHF
I067;199,49;;MSSC;;;;;;CHF
H815;11,15;;MSSC;;;;;;CHF
H639;80,13;;MSSC;;;;;;CHF
H620;26,40;;MSSC;;;;;;CHF
H589;20,00;;MSSC;;;;;;CHF
H544;394,81;;MSSC;;;;;;CHF
H328;160,00;;MSSC;;;;;;CHF
G804;40,00;;MSSC;;;;;;CHF
G723;70,00;;MSSC;;;;;;CHF
G185;18,44;;MSSC;;;;;;CHF
G095;77,35;;MSSC;;;;;;CHF
G025;36,84;;MSSC;;;;;;CHF
F814;130,00;;MSSC;;;;;;CHF
F800;20,00;;MSSC;;;;;;CHF
F766;112,66;;MSSC;;;;;;CHF
F498;43,53;;MSSC;;;;;;CHF
F463;21,76;;MSSC;;;;;;CHF
F344;12,52;;MSSC;;;;;;CHF
F313;70,00;;MSSC;;;;;;CHF
F061;350,00;;MSSC;;;;;;CHF
F052;225,28;;MSSC;;;;;;CHF
E986;37,68;;MSSC;;;;;;CHF
E552;31,82;;MSSC;;;;;;CHF
D981;246,34;;MSSC;;;;;;CHF
C970;46,93;;MSSC;;;;;;CHF
C697;47,68;;MSSC;;;;;;CHF
C688;40,00;;MSSC;;;;;;CHF
C666;57,28;;MSSC;;;;;;CHF
C230;55,11;;MSSC;;;;;;CHF
C051;18,83;;MSSC;;;;;;CHF
B827;133,03;;MSSC;;;;;;CHF
B823;70,00;;MSSC;;;;;;CHF
B730;2,05;;MSSC;;;;;;CHF
B598;273,13;;MSSC;;;;;;CHF
B137;1084,44;;MSSC;;;;;;CHF
B073;40,00;;MSSC;;;;;;CHF
A300;67,25;;MSSC;;;;;;CHF
A191;25,65;;MSSC;;;;;;CHF
9674;29,82;;MSSC;;;;;;CHF
9634;25,48;;MSSC;;;;;;CHF
9574;50,00;;MSSC;;;;;;CHF
9441;7,46;;MSSC;;;;;;CHF
9304;9,37;;MSSC;;;;;;CHF
9060;107,31;;MSSC;;;;;;CHF
7909;40,00;;MSSC;;;;;;CHF
7902;11,79;;MSSC;;;;;;CHF
7650;29,81;;MSSC;;;;;;CHF
6051;30,00;;MSSC;;;;;;CHF
4659;90,00;;MSSC;;;;;;CHF
4658;20,00;;MSSC;;;;;;CHF
4431;61,11;;MSSC;;;;;;CHF
3903;33,08;;MSSC;;;;;;CHF
3844;120,00;;MSSC;;;;;;CHF
3340;70,00;;MSSC;;;;;;CHF
2685;380,01;;MSSC;;;;;;CHF
2680;54,37;;MSSC;;;;;;CHF
2679;13,36;;MSSC;;;;;;CHF
2475;10,00;;MSSC;;;;;;CHF
2223;10,00;;MSSC;;;;;;CHF
1816;76,25;;MSSC;;;;;;CHF
1814;15,52;;MSSC;;;;;;CHF
1647;21,05;;MSSC;;;;;;CHF
1536;5,67;;MSSC;;;;;;CHF
1454;25,37;;MSSC;;;;;;CHF
1445;103,35;;MSSC;;;;;;CHF
1443;2,47;;MSSC;;;;;;CHF
1439;16,06;;MSSC;;;;;;CHF
1386;20,00;;MSSC;;;;;;CHF
1117;1,83;;MSSC;;;;;;CHF
M476;84,28;;MSSC;;;;;;CHF
P977;221,86;;MSSC;;;;;;CHF
P976;158,46;;MSSC;;;;;;CHF
P975;206,54;;MSSC;;;;;;CHF
P974;171,54;;MSSC;;;;;;CHF
P973;170,95;;MSSC;;;;;;CHF
L844;265,36;;MSSC;;;;;;CHF
6311;57,08;;MSSC;;;;;;CHF
3414;240,20;;MSSC;;;;;;CHF
E828;10,45;;MSSC;;;;;;CHF
8101;90,00;;MSSC;;;;;;CHF
O843;149,77;;MSSC;;;;;;CHF
O840;48,87;;MSSC;;;;;;CHF
H729;41,46;;MSSC;;;;;;CHF
1811;84,23;;MSSC;;;;;;CHF
1456;9,40;;MSSC;;;;;;CHF
H938;371,28;;MSSC;;;;;;CHF
1385;6,93;;MSSC;;;;;;CHF
M321;8,89;;MSSC;;;;;;CHF
5421;22,44;;MSSC;;;;;;CHF
L838;20,93;;MSSC;;;;;;CHF
I117;86,81;;MSSC;;;;;;CHF
D489;132,45;;MSSC;;;;;;CHF
1813;24,04;;MSSC;;;;;;CHF
1682;68,43;;MSSC;;;;;;CHF
I568;23,52;;MSSC;;;;;;CHF
C864;49,39;;MSSC;;;;;;CHF
B198;27,07;;MSSC;;;;;;CHF
5068;12,38;;MSSC;;;;;;CHF
1571;24,60;;MSSC;;;;;;CHF
1468;37,53;;MSSC;;;;;;CHF
8687;26,80;;MSSC;;;;;;CHF
1501;28,35;;MSSC;;;;;;CHF
G035;9,03;;MSSC;;;;;;CHF
O207;319,51;;MSSC;;;;;;CHF
K437;16,31;;MSSC;;;;;;CHF
6265;18,72;;MSSC;;;;;;CHF
L839;24,19;;MSSC;;;;;;CHF
7326;54,68;;MSSC;;;;;;CHF
1302;368,03;;MSSC;;;;;;CHF
O846;315,00;;MSSC;;;;;;CHF
1503;13,92;;MSSC;;;;;;CHF
O311;144,26;;MSSC;;;;;;CHF
O307;49,90;;MSSC;;;;;;CHF
F747;69,88;;MSSC;;;;;;CHF
A524;23,20;;MSSC;;;;;;CHF
E634;8,52;;MSSC;;;;;;CHF
O368;180,00;;MSSC;;;;;;CHF
C339;31,13;;MSSC;;;;;;CHF
J099;3,71;;MSSC;;;;;;CHF
D410;120,03;;MSSC;;;;;;CHF
K267;129,69;;MSSC;;;;;;CHF
2875;26,73;;MSSC;;;;;;CHF
P554;69,40;;MSSC;;;;;;CHF
9610;45,18;;MSSC;;;;;;CHF
1216;95,18;;MSSC;;;;;;CHF
P403;110,00;;MSSC;;;;;;CHF
N925;94,68;;MSSC;;;;;;CHF
N821;244,65;;MSSC;;;;;;CHF
O312;94,34;;MSSC;;;;;;CHF
M503;160,31;;MSSC;;;;;;CHF
L758;13,80;;MSSC;;;;;;CHF
4683;11,16;;MSSC;;;;;;CHF
L464;110,00;;MSSC;;;;;;CHF
B757;130,00;;MSSC;;;;;;CHF
1772;93,39;;MSSC;;;;;;CHF
J850;96,58;;MSSC;;;;;;CHF
I663;30,00;;MSSC;;;;;;CHF
A029;34,63;;MSSC;;;;;;CHF
J849;24,67;;MSSC;;;;;;CHF
5004;390,55;;MSSC;;;;;;CHF
F879;683,46;;MSSC;;;;;;CHF
F878;555,06;;MSSC;;;;;;CHF
E108;83,40;;MSSC;;;;;;CHF
A433;225,53;;MSSC;;;;;;CHF
1428;20,00;;MSSC;;;;;;CHF
O847;715,10;;MSSC;;;;;;CHF
O845;151,55;;MSSC;;;;;;CHF
J514;16,97;;MSSC;;;;;;CHF
P094;111,97;;MSSC;;;;;;CHF
A923;3,45;;MSSC;;;;;;CHF
P369;10,00;;MSSC;;;;;;CHF
E671;666,00;;MSSC;;;;;;CHF
6130;27,50;;MSSC;;;;;;CHF
F843;30,00;;MSSC;;;;;;CHF
F838;26,35;;MSSC;;;;;;CHF
G815;120,07;;MSSC;;;;;;CHF
K142;4,76;;MSSC;;;;;;CHF
F024;30,00;;MSSC;;;;;;CHF
J368;472,60;;MSSC;;;;;;CHF
F060;501,35;;MSSC;;;;;;CHF
E738;61,01;;MSSC;;;;;;CHF
E642;18,17;;MSSC;;;;;;CHF
I667;105,47;;MSSC;;;;;;CHF
9101;25,91;;MSSC;;;;;;CHF
A414;22,51;;MSSC;;;;;;CHF
K945;46,46;;MSSC;;;;;;CHF
2023;5,95;;MSSC;;;;;;CHF
1376;50,63;;MSSC;;;;;;CHF
F023;40,00;;MSSC;;;;;;CHF
4468;25,16;;MSSC;;;;;;CHF
A330;63,47;;MSSC;;;;;;CHF
L273;88,92;;MSSC;;;;;;CHF
L840;105,32;;MSSC;;;;;;CHF
G537;62,93;;MSSC;;;;;;CHF
L841;397,55;;MSSC;;;;;;CHF
K875;35,39;;MSSC;;;;;;CHF
F050;9,86;;MSSC;;;;;;CHF
O308;61,60;;MSSC;;;;;;CHF
P161;12,50;;MSSC;;;;;;CHF
6306;73,68;;MSSC;;;;;;CHF
N846;9,65;;MSSC;;;;;;CHF
2619;38,47;;MSSC;;;;;;CHF
N561;130,86;;MSSC;;;;;;CHF
Q001;289,23;;MSSC;;;;;;CHF
1544;11,19;;MSSC;;;;;;CHF
P492;129,13;;MSSC;;;;;;CHF
D849;33,49;;MSSC;;;;;;CHF
8285;23,87;;MSSC;;;;;;CHF
1560;16,85;;MSSC;;;;;;CHF
F715;60,00;;MSSC;;;;;;CHF
A615;43,81;;MSSC;;;;;;CHF
2275;24,09;;MSSC;;;;;;CHF
Q999;368,00;;MSSC;;;;;;CHF
J472;90,91;;MSSC;;;;;;CHF
L751;28,06;;MSSC;;;;;;CHF
C695;27,71;;MSSC;;;;;;CHF
O237;219,98;;MSSC;;;;;;CHF
G731;341,57;;MSSC;;;;;;CHF
1535;16,31;;MSSC;;;;;;CHF
O173;1160,00;;MSSC;;;;;;CHF
3015;43,79;;MSSC;;;;;;CHF
E976;77,71;;MSSC;;;;;;CHF
F342;70,00;;MSSC;;;;;;CHF
F524;136,20;;MSSC;;;;;;CHF
F525;38,51;;MSSC;;;;;;CHF
F786;70,00;;MSSC;;;;;;CHF
F844;49,18;;MSSC;;;;;;CHF
G015;74,06;;MSSC;;;;;;CHF
J384;70,00;;MSSC;;;;;;CHF
P501;90,00;;MSSC;;;;;;CHF
2173;9,93;;MSSC;;;;;;CHF
O838;18,66;;MSSC;;;;;;CHF
N435;30,00;;MSSC;;;;;;CHF
H319;293,16;;MSSC;;;;;;CHF
I087;269,77;;MSSC;;;;;;CHF
L312;16,32;;MSSC;;;;;;CHF
G184;46,71;;MSSC;;;;;;CHF
H939;89,55;;MSSC;;;;;;CHF
O837;51,20;;MSSC;;;;;;CHF
1502;8,75;;MSSC;;;;;;CHF
8103;35,88;;MSSC;;;;;;CHF
K443;10,04;;MSSC;;;;;;CHF
4321;50,00;;MSSC;;;;;;CHF
A438;22,99;;MSSC;;;;;;CHF
I105;7,02;;MSSC;;;;;;CHF
6607;10,06;;MSSC;;;;;;CHF
3552;75,55;;MSSC;;;;;;CHF
L562;33,03;;MSSC;;;;;;CHF
8388;74,28;;MSSC;;;;;;CHF
R832;201,49;;MSSC;;;;;;CHF
1751;143,55;;MSSC;;;;;;CHF
O842;18,44;;MSSC;;;;;;CHF
8175;39,29;;MSSC;;;;;;CHF
1488;1,87;;MSSC;;;;;;CHF
8821;50,00;;MSSC;;;;;;CHF
E878;33,90;;MSSC;;;;;;CHF
G924;5,81;;MSSC;;;;;;CHF
O305;182,57;;MSSC;;;;;;CHF
5304;6,91;;MSSC;;;;;;CHF
P811;131,12;;MSSC;;;;;;CHF
P810;100,00;;MSSC;;;;;;CHF
P809;334,66;;MSSC;;;;;;CHF
K809;630,00;;MSSC;;;;;;CHF
H765;80,00;;MSSC;;;;;;CHF
F849;23,78;;MSSC;;;;;;CHF
F461;90,00;;MSSC;;;;;;CHF
2689;10,00;;MSSC;;;;;;CHF
P503;6,59;;MSSC;;;;;;CHF
P504;134,10;;MSSC;;;;;;CHF
P505;117,00;;MSSC;;;;;;CHF
P506;18,34;;MSSC;;;;;;CHF
P507;11,08;;MSSC;;;;;;CHF
H543;127,81;;MSSC;;;;;;CHF
F070;47,55;;MSSC;;;;;;CHF
G744;30,00;;MSSC;;;;;;CHF
B407;31,07;;MSSC;;;;;;CHF
K436;793,00;;MSSC;;;;;;CHF
1150;66,53;;MSSC;;;;;;CHF
E952;68,71;;MSSC;;;;;;CHF
5262;13,61;;MSSC;;;;;;CHF
G830;110,59;;MSSC;;;;;;CHF
O867;37,21;;MSSC;;;;;;CHF
J485;8,85;;MSSC;;;;;;CHF
L073;6,45;;MSSC;;;;;;CHF
I845;134,95;;MSSC;;;;;;CHF
I515;113,19;;MSSC;;;;;;CHF
7016;4,78;;MSSC;;;;;;CHF
N736;377,47;;MSSC;;;;;;CHF
K457;113,75;;MSSC;;;;;;CHF
1470;50,74;;MSSC;;;;;;CHF
P509;254,93;;MSSC;;;;;;CHF
O434;187,29;;MSSC;;;;;;CHF
3299;83,99;;MSSC;;;;;;CHF
E745;34,77;;MSSC;;;;;;CHF
K580;88,79;;MSSC;;;;;;CHF
1585;8,69;;MSSC;;;;;;CHF
1543;16,95;;MSSC;;;;;;CHF
3849;6,25;;MSSC;;;;;;CHF
E735;31,10;;MSSC;;;;;;CHF
H995;44,02;;MSSC;;;;;;CHF
1388;9,03;;MSSC;;;;;;CHF
E250;530,11;;MSSC;;;;;;CHF
1513;6,88;;MSSC;;;;;;CHF
B619;47,55;;MSSC;;;;;;CHF
G440;47,81;;MSSC;;;;;;CHF
1221;50,00;;MSSC;;;;;;CHF
7828;29,14;;MSSC;;;;;;CHF
O200;11,32;;MSSC;;;;;;CHF
I026;9,81;;MSSC;;;;;;CHF
A066;158,11;;MSSC;;;;;;CHF
P933;145,72;;MSSC;;;;;;CHF
I572;95,07;;MSSC;;;;;;CHF
J239;110,14;;MSSC;;;;;;CHF
4486;12,71;;MSSC;;;;;;CHF
2671;40,24;;MSSC;;;;;;CHF
G680;162,18;;MSSC;;;;;;CHF
E312;80,00;;MSSC;;;;;;CHF
P185;40,00;;MSSC;;;;;;CHF
P041;81,02;;MSSC;;;;;;CHF
B256;18,72;;MSSC;;;;;;CHF
E945;61,51;;MSSC;;;;;;CHF
P484;111,85;;MSSC;;;;;;CHF
2107;70,55;;MSSC;;;;;;CHF
K694;78,09;;MSSC;;;;;;CHF
2943;21,60;;MSSC;;;;;;CHF
9442;18,45;;MSSC;;;;;;CHF
I255;10,28;;MSSC;;;;;;CHF
G245;89,15;;MSSC;;;;;;CHF
P934;164,61;;MSSC;;;;;;CHF
H775;6,84;;MSSC;;;;;;CHF
F951;293,45;;MSSC;;;;;;CHF
F511;22,70;;MSSC;;;;;;CHF
A698;82,69;;MSSC;;;;;;CHF
9002;24,71;;MSSC;;;;;;CHF
F801;13,05;;MSSC;;;;;;CHF
6104;15,30;;MSSC;;;;;;CHF
E942;960,95;;MSSC;;;;;;CHF
N924;25,09;;MSSC;;;;;;CHF
L579;1,81;;MSSC;;;;;;CHF
A183;185,95;;MSSC;;;;;;CHF
G492;79,77;;MSSC;;;;;;CHF
C671;22,63;;MSSC;;;;;;CHF
5834;54,68;;MSSC;;;;;;CHF
E946;830,17;;MSSC;;;;;;CHF
I112;127,47;;MSSC;;;;;;CHF
M777;42,13;;MSSC;;;;;;CHF
O175;133,09;;MSSC;;;;;;CHF
O844;70,83;;MSSC;;;;;;CHF
J376;28,42;;MSSC;;;;;;CHF
1534;25,18;;MSSC;;;;;;CHF
O291;56,67;;MSSC;;;;;;CHF
1477;93,45;;MSSC;;;;;;CHF
3274;19,00;;MSSC;;;;;;CHF
5842;18,58;;MSSC;;;;;;CHF
F314;51,74;;MSSC;;;;;;CHF
K537;6,56;;MSSC;;;;;;CHF
8173;33,10;;MSSC;;;;;;CHF
P526;24,88;;MSSC;;;;;;CHF
D083;61,90;;MSSC;;;;;;CHF
O432;22,47;;MSSC;;;;;;CHF
O433;21,98;;MSSC;;;;;;CHF
L846;577,27;;MSSC;;;;;;CHF
P930;297,92;;MSSC;;;;;;CHF
6674;8,28;;MSSC;;;;;;CHF
I578;63,93;;MSSC;;;;;;CHF
M703;55,27;;MSSC;;;;;;CHF
I560;32,72;;MSSC;;;;;;CHF
P553;88,33;;MSSC;;;;;;CHF
5215;36,52;;MSSC;;;;;;CHF
9580;39,93;;MSSC;;;;;;CHF
Q708;11,75;;MSSC;;;;;;CHF
H459;27,73;;MSSC;;;;;;CHF
E985;292,26;;MSSC;;;;;;CHF
O353;130,98;;MSSC;;;;;;CHF
R012;45,46;;MSSC;;;;;;CHF
Q693;48,31;;MSSC;;;;;;CHF
Q695;61,81;;MSSC;;;;;;CHF
9947;18,90;;MSSC;;;;;;CHF
G048;17,90;;MSSC;;;;;;CHF
J626;181,24;;MSSC;;;;;;CHF
Q750;331,95;;MSSC;;;;;;CHF
F834;52,79;;MSSC;;;;;;CHF
R005;39,10;;MSSC;;;;;;CHF
R096;3850,03;;MSSC;;;;;;CHF
P184;16,45;;MSSC;;;;;;CHF
R007;153,00;;MSSC;;;;;;CHF
R009;98,00;;MSSC;;;;;;CHF
R008;284,00;;MSSC;;;;;;CHF
L541;121,84;;MSSC;;;;;;CHF
D627;130,18;;MSSC;;;;;;CHF
F174;72,44;;MSSC;;;;;;CHF
R010;320,69;;MSSC;;;;;;CHF
R251;70,89;;MSSC;;;;;;CHF
R286;25,23;;MSSC;;;;;;CHF
MP00024;7,98;;MSSC;;;;;;CHF
G198;14,57;;MSSC;;;;;;CHF
R071;32,00;;MSSC;;;;;;CHF
VP00027;37,45;;MSSC;;;;;;CHF
MP00161;1,96;;MSSC;;;;;;CHF
1378;21,04;;MSSC;;;;;;CHF
8450;21,00;;MSSC;;;;;;CHF
R276;29,64;;MSSC;;;;;;CHF
J372;43,42;;MSSC;;;;;;CHF
4496;834,53;;MSSC;;;;;;CHF
R501;103,72;;MSSC;;;;;;CHF
R502;1078,19;;MSSC;;;;;;CHF
M545;234,21;;MSSC;;;;;;CHF
R318;119,00;;MSSC;;;;;;CHF
R602;312,95;;MSSC;;;;;;CHF
R175;359,89;;MSSC;;;;;;CHF
R291;350,00;;MSSC;;;;;;CHF
1574;19,20;;MSSC;;;;;;CHF
R503;15,87;;MSSC;;;;;;CHF
J932;96,20;;MSSC;;;;;;CHF
R278;151,55;;MSSC;;;;;;CHF
G120;78,82;;MSSC;;;;;;CHF
C433;115,94;;MSSC;;;;;;CHF
P988;1115,88;;MSSC;;;;;;CHF
Q449;337,65;;MSSC;;;;;;CHF
Q420;11,04;;MSSC;;;;;;CHF
P421;1005,95;;MSSC;;;;;;CHF
B783;278,77;;MSSC;;;;;;CHF
E553;28,55;;MSSC;;;;;;CHF
B638;65,40;;MSSC;;;;;;CHF
Q554;269,51;;MSSC;;;;;;CHF
R623;32,02;;MSSC;;;;;;CHF
R239;4,99;;MSSC;;;;;;CHF
H992;44,14;;MSSC;;;;;;CHF
R788;385,01;;MSSC;;;;;;CHF
R913;99,71;;MSSC;;;;;;CHF
R644;391,05;;MSSC;;;;;;CHF
6527;40,26;;MSSC;;;;;;CHF
R346;8,59;;MSSC;;;;;;CHF
1395;31,46;;MSSC;;;;;;CHF
I805;134,04;;MSSC;;;;;;CHF
R338;31,88;;MSSC;;;;;;CHF
R967;1347,88;;MSSC;;;;;;CHF
R751;114741,94;;MSSC;;;;;;CHF
R952;107,93;;MSSC;;;;;;CHF
R956;2300,00;;MSSC;;;;;;CHF
R968;201,22;;MSSC;;;;;;CHF
R339;116,50;;MSSC;;;;;;CHF
G777;72,24;;MSSC;;;;;;CHF
R697;58,00;;MSSC;;;;;;CHF
R787;10980,09;;MSSC;;;;;;CHF
R624;390,03;;MSSC;;;;;;CHF
R964;24,00;;MSSC;;;;;;CHF
R731;695,62;;MSSC;;;;;;CHF
8027;539,88;;MSSC;;;;;;CHF
K299;280,00;;MSSC;;;;;;CHF
R753;66,47;;MSSC;;;;;;CHF
R626;99,54;;MSSC;;;;;;CHF
J846;231,05;;MSSC;;;;;;CHF
R250;254,22;;MSSC;;;;;;CHF
R941;288,00;;MSSC;;;;;;CHF
R942;5,58;;MSSC;;;;;;CHF
R915;311,20;;MSSC;;;;;;CHF
O207;244,13;;MSSC;;;;;;CHF
R950;179,34;;MSSC;;;;;;CHF
R947;136,23;;MSSC;;;;;;CHF
R939;259,17;;MSSC;;;;;;CHF
R625;11,97;;MSSC;;;;;;CHF
G311;8,66;;MSSC;;;;;;CHF
O438;66,03;;MSSC;;;;;;CHF
R341;109,00;;MSSC;;;;;;CHF
R378;88786,67;;MSSC;;;;;;CHF
ECH-1653;195,00;;MSSC;;;;;;CHF
R627;4031,07;;MSSC;;;;;;CHF
R735;6711,81;;MSSC;;;;;;CHF
R518;297,31;;MSSC;;;;;;CHF
P496;387,97;;MSSC;;;;;;CHF
R920;27,48;;MSSC;;;;;;CHF
R345;223,46;;MSSC;;;;;;CHF
R344;22,79;;MSSC;;;;;;CHF
G850;1163,78;;MSSC;;;;;;CHF
C237;545,45;;MSSC;;;;;;CHF
B043;49,00;;MSSC;;;;;;CHF
R936;40,72;;MSSC;;;;;;CHF
O892;488,11;;MSSC;;;;;;CHF
R635;170,00;;MSSC;;;;;;CHF
R638;79,63;;MSSC;;;;;;CHF
J490;28,74;;MSSC;;;;;;CHF
O052;191,19;;MSSC;;;;;;CHF
O053;63,86;;MSSC;;;;;;CHF
S087;56,59;;MSSC;;;;;;CHF
S085;121,63;;MSSC;;;;;;CHF
O879;39,41;;MSSC;;;;;;CHF
R519;8,34;;MSSC;;;;;;CHF
G012;88,27;;MSSC;;;;;;CHF
R277;82,00;;MSSC;;;;;;CHF
O199;29,54;;MSSC;;;;;;CHF
4016;8,12;;MSSC;;;;;;CHF
R290;33,89;;MSSC;;;;;;CHF
R289;43,77;;MSSC;;;;;;CHF
R288;356,01;;MSSC;;;;;;CHF
I512;57,97;;MSSC;;;;;;CHF
R505;235,00;;MSSC;;;;;;CHF
R504;50,37;;MSSC;;;;;;CHF
K869;83,68;;MSSC;;;;;;CHF
R839;371,63;;MSSC;;;;;;CHF
O399;39,00;;MSSC;;;;;;CHF
3616;36,74;;MSSC;;;;;;CHF
P720;33,18;;MSSC;;;;;;CHF
MP00540;3784,86;;MSSC;;;;;;CHF
R336;109,25;;MSSC;;;;;;CHF
R837;5186,00;;MSSC;;;;;;CHF
R264;81,05;;MSSC;;;;;;CHF
Q785;239,69;;MSSC;;;;;;CHF
Q785;164,47;;MSSC;;;;;;CHF
Q784;237,99;;MSSC;;;;;;CHF
Q783;104,88;;MSSC;;;;;;CHF
3302;21,05;;MSSC;;;;;;CHF
1641;42,40;;MSSC;;;;;;CHF
S068;102,88;;MSSC;;;;;;CHF
Q701;57,56;;MSSC;;;;;;CHF
O029;53,02;;MSSC;;;;;;CHF
5460;20,61;;MSSC;;;;;;CHF
E944;52,81;;MSSC;;;;;;CHF
P719;105,90;;MSSC;;;;;;CHF
R465;75,71;;MSSC;;;;;;CHF
R466;200,41;;MSSC;;;;;;CHF
R467;42,47;;MSSC;;;;;;CHF
R468;585,34;;MSSC;;;;;;CHF
R469;59,00;;MSSC;;;;;;CHF
R470;321,93;;MSSC;;;;;;CHF
R475;500,00;;MSSC;;;;;;CHF
R476;533,60;;MSSC;;;;;;CHF
R477;24,31;;MSSC;;;;;;CHF
Q577;22,02;;MSSC;;;;;;CHF
9581;98,76;;MSSC;;;;;;CHF
D174;428,04;;MSSC;;;;;;CHF
R780;222,63;;MSSC;;;;;;CHF
5781;40,19;;MSSC;;;;;;CHF
R722;306,12;;MSSC;;;;;;CHF
R834;92,28;;MSSC;;;;;;CHF
R724;255,75;;MSSC;;;;;;CHF
H977;28,10;;MSSC;;;;;;CHF
Q873;15,22;;MSSC;;;;;;CHF
Q748;10,94;;MSSC;;;;;;CHF
R969;480,44;;MSSC;;;;;;CHF
R241;850,00;;MSSC;;;;;;CHF
Q127;316,09;;MSSC;;;;;;CHF
Q587;6236,95;;MSSC;;;;;;CHF
R464;84,30;;MSSC;;;;;;CHF
R558;793,00;;MSSC;;;;;;CHF
1505;16,79;;MSSC;;;;;;CHF
R292;11,69;;MSSC;;;;;;CHF
R250;34,92;;MSSC;;;;;;CHF
R293;18,89;;MSSC;;;;;;CHF
R917;774,71;;MSSC;;;;;;CHF
MP00030;9,00;;MSSC;;;;;;CHF
MP00028;6,64;;MSSC;;;;;;CHF
R294;19,93;;MSSC;;;;;;CHF
R960;110,60;;MSSC;;;;;;CHF
R961;259,17;;MSSC;;;;;;CHF
MP00403;5,80;;MSSC;;;;;;CHF
R650;20,42;;MSSC;;;;;;CHF
R925;14,00;;MSSC;;;;;;CHF
R903;11,52;;MSSC;;;;;;CHF
R904;204,00;;MSSC;;;;;;CHF
R963;17,00;;MSSC;;;;;;CHF
9607;60,24;;MSSC;;;;;;CHF
R906;499,21;;MSSC;;;;;;CHF
R752;51,45;;MSSC;;;;;;CHF
R698;136,04;;MSSC;;;;;;CHF
R905;63,56;;MSSC;;;;;;CHF
R962;181,93;;MSSC;;;;;;CHF
ECH-3505;244,60;;MSSC;;;;;;CHF
R517;5843,69;;MSSC;;;;;;CHF
5776;138,65;;MSSC;;;;;;CHF
R754;55,93;;MSSC;;;;;;CHF
R790;502,66;;MSSC;;;;;;CHF
F486;14,65;;MSSC;;;;;;CHF
G682;171,89;;MSSC;;;;;;CHF
R617;6,37;;MSSC;;;;;;CHF
ECH-3710;237,05;;MSSC;;;;;;CHF
R959;264,00;;MSSC;;;;;;CHF
R957;101,34;;MSSC;;;;;;CHF
R907;86,57;;MSSC;;;;;;CHF
E955;534,26;;MSSC;;;;;;CHF
R641;837,99;;MSSC;;;;;;CHF
R259;561,46;;MSSC;;;;;;CHF
R646;24,57;;MSSC;;;;;;CHF
R873;90,25;;MSSC;;;;;;CHF
R648;2,70;;MSSC;;;;;;CHF
R874;16,14;;MSSC;;;;;;CHF
1155;111,32;;MSSC;;;;;;CHF
F540;15,27;;MSSC;;;;;;CHF
4252;16,25;;MSSC;;;;;;CHF
P370;16,36;;MSSC;;;;;;CHF
M200;352,32;;MSSC;;;;;;CHF
R332;47,94;;MSSC;;;;;;CHF
R337;281,85;;MSSC;;;;;;CHF
R340;671,61;;MSSC;;;;;;CHF
R347;15,30;;MSSC;;;;;;CHF
R604;20,67;;MSSC;;;;;;CHF
R640;214,79;;MSSC;;;;;;CHF
R642;684,00;;MSSC;;;;;;CHF
R643;253,18;;MSSC;;;;;;CHF
R699;68,65;;MSSC;;;;;;CHF
F035;35,20;;MSSC;;;;;;CHF
1682;70,35;;MSSC;;;;;;CHF
R948;53,30;;MSSC;;;;;;CHF
R875;34,85;;MSSC;;;;;;CHF
S024;197,00;;MSSC;;;;;;CHF
R755;185,00;;MSSC;;;;;;CHF
R777;81,82;;MSSC;;;;;;CHF
R630;77,46;;MSSC;;;;;;CHF
R349;882,28;;MSSC;;;;;;CHF
R639;102,02;;MSSC;;;;;;CHF
R350;364,64;;MSSC;;;;;;CHF
R622;24,64;;MSSC;;;;;;CHF
R631;76,15;;MSSC;;;;;;CHF
R377;89,29;;MSSC;;;;;;CHF
R789;151,05;;MSSC;;;;;;CHF
R934;304,80;;MSSC;;;;;;CHF
R760;86,14;;MSSC;;;;;;CHF
R351;193,28;;MSSC;;;;;;CHF
R923;34,40;;MSSC;;;;;;CHF
R876;131,39;;MSSC;;;;;;CHF
R945;62,77;;MSSC;;;;;;CHF
R935;19,02;;MSSC;;;;;;CHF
8566;83,61;;MSSC;;;;;;CHF
R921;360,67;;MSSC;;;;;;CHF
1549;41,73;;MSSC;;;;;;CHF
R946;320,00;;MSSC;;;;;;CHF
R944;130,60;;MSSC;;;;;;CHF
R943;65,19;;MSSC;;;;;;CHF
R916;47,78;;MSSC;;;;;;CHF
R937;77,36;;MSSC;;;;;;CHF
R938;325,00;;MSSC;;;;;;CHF
R778;52,50;;MSSC;;;;;;CHF
R914;109,45;;MSSC;;;;;;CHF
R970;349,02;;MSSC;;;;;;CHF
R954;67,90;;MSSC;;;;;;CHF
R955;80,92;;MSSC;;;;;;CHF
R919;10,94;;MSSC;;;;;;CHF
R762;86,38;;MSSC;;;;;;CHF
R953;25,42;;MSSC;;;;;;CHF
R487;70,83;;MSSC;;;;;;CHF
R240;33,57;;MSSC;;;;;;CHF
1556;70,06;;MSSC;;;;;;CHF
R287;2,85;;MSSC;;;;;;CHF
T449;21,49;;MSSC;;;;;;CHF
A697;296,27;;MSSC;;;;;;CHF
3114;72,93;;MSSC;;;;;;CHF
9578;3417,25;;MSSC;;;;;;CHF
1121;50,40;;MSSC;;;;;;CHF
S333;9550,75;;MSSC;;;;;;CHF
R651;631,53;;MSSC;;;;;;CHF
I952;144,27;;MSSC;;;;;;CHF
R628;75,56;;MSSC;;;;;;CHF
R629;76,85;;MSSC;;;;;;CHF
R348;2470,00;;MSSC;;;;;;CHF
I577;92,90;;MSSC;;;;;;CHF
O836;52,75;;MSSC;;;;;;CHF
3592;39,56;;MSSC;;;;;;CHF
P681;7,85;;MSSC;;;;;;CHF
G018;7,07;;MSSC;;;;;;CHF
R034;635,88;;MSSC;;;;;;CHF
P320;251,55;;MSSC;;;;;;CHF
S216;1871,86;;MSSC;;;;;;CHF
S357;265,00;;MSSC;;;;;;CHF
S356;549,98;;MSSC;;;;;;CHF
S355;550,00;;MSSC;;;;;;CHF
S354;114,15;;MSSC;;;;;;CHF
S199;112,75;;MSSC;;;;;;CHF
S198;165,40;;MSSC;;;;;;CHF
L668;24,66;;MSSC;;;;;;CHF
H046;73,70;;MSSC;;;;;;CHF
L646;34,91;;MSSC;;;;;;CHF
1248;168,46;;MSSC;;;;;;CHF
G041;86,47;;MSSC;;;;;;CHF
S382;6180,05;;MSSC;;;;;;CHF
S200;426,80;;MSSC;;;;;;CHF
S779;97,85;;MSSC;;;;;;CHF
S482;32,32;;MSSC;;;;;;CHF
L709;52,34;;MSSC;;;;;;CHF
O905;77,71;;MSSC;;;;;;CHF
R877;49,46;;MSSC;;;;;;CHF
S280;924,23;;MSSC;;;;;;CHF
S201;336,68;;MSSC;;;;;;CHF
R390;128,87;;MSSC;;;;;;CHF
S835;687,00;;MSSC;;;;;;CHF
S833;42,47;;MSSC;;;;;;CHF
L860;71,90;;MSSC;;;;;;CHF
P952;422,46;;MSSC;;;;;;CHF
D175;26,64;;MSSC;;;;;;CHF
R093;1394,99;;MSSC;;;;;;CHF
R990;230,10;;MSSC;;;;;;CHF
Q597;1660,00;;MSSC;;;;;;CHF
R785;297,50;;MSSC;;;;;;CHF
T064;354,99;;MSSC;;;;;;CHF
Q872;303,99;;MSSC;;;;;;CHF
S778;578,56;;MSSC;;;;;;CHF
R526;102,08;;MSSC;;;;;;CHF
R726;64,94;;MSSC;;;;;;CHF
R433;80,24;;MSSC;;;;;;CHF
R781;84,20;;MSSC;;;;;;CHF
S704;336,67;;MSSC;;;;;;CHF
S206;25,00;;MSSC;;;;;;CHF
S207;484,16;;MSSC;;;;;;CHF
6451;69,17;;MSSC;;;;;;CHF
O331;20,23;;MSSC;;;;;;CHF
M199;15,29;;MSSC;;;;;;CHF
Q998;215,01;;MSSC;;;;;;CHF
S380;52,40;;MSSC;;;;;;CHF
A031;152,48;;MSSC;;;;;;CHF
T377;188,94;;MSSC;;;;;;CHF
T358;142,00;;MSSC;;;;;;CHF
T450;41,70;;MSSC;;;;;;CHF
P319;1314,24;;MSSC;;;;;;CHF
S369;136,94;;MSSC;;;;;;CHF
7907;105,58;;MSSC;;;;;;CHF
S381;248,74;;MSSC;;;;;;CHF
S372;92,84;;MSSC;;;;;;CHF
Q010;7,24;;MSSC;;;;;;CHF
T491;132,66;;MSSC;;;;;;CHF
T548;6975,06;;MSSC;;;;;;CHF
K459;120,01;;MSSC;;;;;;CHF
T549;75,93;;MSSC;;;;;;CHF
T550;383,98;;MSSC;;;;;;CHF
T559;262,27;;MSSC;;;;;;CHF
R636;47,65;;MSSC;;;;;;CHF
T357;50,15;;MSSC;;;;;;CHF
T980;13,24;;MSSC;;;;;;CHF
S332;24,87;;MSSC;;;;;;CHF
I559;77,26;;MSSC;;;;;;CHF
E725;56,66;;MSSC;;;;;;CHF
S070;57,32;;MSSC;;;;;;CHF
M086;13,56;;MSSC;;;;;;CHF
R833;278,35;;MSSC;;;;;;CHF
R979;18,01;;MSSC;;;;;;CHF
R038;197,50;;MSSC;;;;;;CHF
S445;282,96;;MSSC;;;;;;CHF
R632;7,45;;MSSC;;;;;;CHF
A450;10,58;;MSSC;;;;;;CHF
F444;7,68;;MSSC;;;;;;CHF
R871;52,34;;MSSC;;;;;;CHF
R634;202,58;;MSSC;;;;;;CHF
R637;315,70;;MSSC;;;;;;CHF
1931;5,62;;MSSC;;;;;;CHF
3124;6,54;;MSSC;;;;;;CHF
T981;96,33;;MSSC;;;;;;CHF
R037;331,52;;MSSC;;;;;;CHF
D664;27,25;;MSSC;;;;;;CHF
B444;8,42;;MSSC;;;;;;CHF
C860;13,75;;MSSC;;;;;;CHF
Q702;62,05;;MSSC;;;;;;CHF
P487;48,00;;MSSC;;;;;;CHF
P488;29,50;;MSSC;;;;;;CHF
P489;2957,44;;MSSC;;;;;;CHF
P490;1265,01;;MSSC;;;;;;CHF
P510;84,65;;MSSC;;;;;;CHF
1467;11,84;;MSSC;;;;;;CHF
H776;11,96;;MSSC;;;;;;CHF
1570;25,27;;MSSC;;;;;;CHF
P697;259,47;;MSSC;;;;;;CHF
3358;236,14;;MSSC;;;;;;CHF
Q305;15,16;;MSSC;;;;;;CHF
K364;18,34;;MSSC;;;;;;CHF
5534;147,19;;MSSC;;;;;;CHF
P299;384,22;;MSSC;;;;;;CHF
G034;14,98;;MSSC;;;;;;CHF
1119;8,76;;MSSC;;;;;;CHF
M504;957,33;;MSSC;;;;;;CHF
D312;14,95;;MSSC;;;;;;CHF
P372;209,48;;MSSC;;;;;;CHF
O306;41,72;;MSSC;;;;;;CHF
1566;1,98;;MSSC;;;;;;CHF
I046;55,68;;MSSC;;;;;;CHF
I047;58,74;;MSSC;;;;;;CHF
B912;68,50;;MSSC;;;;;;CHF
F037;33,39;;MSSC;;;;;;CHF
U033;22,65;;MSSC;;;;;;CHF
S432;183,00;;MSSC;;;;;;CHF
R786;109,00;;MSSC;;;;;;CHF
